number,state,value,estimator,C,class_weight,max_iter,duration_sec
0,COMPLETE,46.0229,logreg,8.471801418819979,null,2000,35.245
1,COMPLETE,47.2414,linear_svc,75.7947995334801,null,5000,8.487
2,COMPLETE,47.9475,linear_svc,2.801635158716261,balanced,2000,13.241
3,COMPLETE,27.4115,logreg,0.015339162591163621,null,2000,17.494
4,COMPLETE,47.8419,linear_svc,5.456725485601478,null,2000,7.649
5,COMPLETE,48.4567,linear_svc,1.2030178871154673,null,500,7.316
6,COMPLETE,27.8989,logreg,0.022592797420156956,null,5000,50.514
7,COMPLETE,47.6915,linear_svc,1.4817820606039094,balanced,1000,12.38
8,COMPLETE,46.2812,logreg,6.720930050156114,balanced,5000,16.456
9,COMPLETE,44.5239,linear_svc,0.01795698422567764,balanced,2000,6.74
10,COMPLETE,48.444,linear_svc,0.28504320627871527,null,500,12.873
11,COMPLETE,48.0275,linear_svc,0.1780348393796449,null,500,12.691
12,COMPLETE,48.6153,linear_svc,0.3299263281612618,null,500,11.739
13,COMPLETE,48.2923,linear_svc,0.2607796113744529,null,500,11.283
14,COMPLETE,47.5758,linear_svc,0.07437283479050262,null,500,10.859
15,COMPLETE,47.5123,linear_svc,29.58921312237632,null,500,18.407
16,COMPLETE,48.5958,linear_svc,0.6632631027552031,null,1000,11.736
17,COMPLETE,48.6018,linear_svc,0.5396672896728136,null,1000,11.294
18,COMPLETE,40.9959,logreg,0.07038131053865014,balanced,1000,59.737
19,COMPLETE,47.5686,linear_svc,0.07154029757369058,null,1000,4.775
20,COMPLETE,48.5565,linear_svc,0.4470038029189229,null,1000,5.164
21,COMPLETE,48.3161,linear_svc,0.8909160645660151,null,1000,5.275
22,COMPLETE,48.6797,linear_svc,0.4920667786177922,null,1000,5.859
23,COMPLETE,47.9243,linear_svc,0.1445525462795351,null,1000,5.217
24,COMPLETE,48.0873,linear_svc,3.1914768556465587,null,1000,6.129
